model,accuracy,f1,roc_auc
LogisticRegression,0.8125925925925926,0.0,0.5553882129126868
NeuralNet,0.8033333333333333,0.03102189781021898,0.5238041406494897
RandomForest,0.8085185185185185,0.0057692307692307696,0.5283618005988304
